{"web":{"client_id":"857371846416-etvltvq9o1eg99rr0gsfii6r9918378j.apps.googleusercontent.com","project_id":"vhautomation","auth_uri":"https://accounts.google.com/o/oauth2/auth","token_uri":"https://oauth2.googleapis.com/token","auth_provider_x509_cert_url":"https://www.googleapis.com/oauth2/v1/certs","client_secret":"cl0pL6Jx1SP_XRYd5RBvMwkJ","redirect_uris":["http://localhost:8080/","http://localhost:8090/","http://localhost:8088/"],"javascript_origins":["http://localhost:8080","http://localhost:8090","http://localhost:8088"]}}